<?xml version="1.0"?>
<config>
    <menu>
        <vivacity translate="title" module="flikebox">
            <title>Vivacity Extensions</title>
		<sort_order>71</sort_order>               
		<children>
                <flikebox translate="title" module="flikebox">
                    <title>FB Like box</title>
                    <sort_order>99</sort_order>               
                    <children>
                        <configuration translate="title" module="flikebox">
			    <title>FB LikeBox Configuration</title>
			    <sort_order>1</sort_order>
			    <action>adminhtml/system_config/edit/section/flikebox</action>
			</configuration>
                    </children>
                </flikebox>
            </children>
        </vivacity>
    </menu>
    <acl>
        <resources>
            <all>
                <title>Allow Everything</title>
            </all>
            <admin>
                <children>
                    <system>
                        <children>
                            <config>
                                <children>
                                    <flikebox translate="title">
                                        <title>Flikebox Module</title>
                                        <sort_order>10</sort_order>
                                    </flikebox>
                                </children>
                            </config>
                        </children>
                    </system>
                    <vivacity translate="title" module="flikebox">
                        <title>Vivacity Extensions</title>
                        <sort_order>71</sort_order>
                        <children>
                            <flikebox translate="title" module="flikebox">
                                <title>FB Like box</title>
                                <sort_order>99</sort_order>               
                                <children>
                                    <configuration translate="title" module="flikebox">
                                        <title>FB LikeBox Configuration</title>
                                        <sort_order>1</sort_order>
                                        <action>adminhtml/system_config/edit/section/flikebox</action>
                                    </configuration>
                                </children>
                            </flikebox>
                        </children>
                    </vivacity>
                </children>
            </admin>
        </resources>
    </acl>
</config>