<?xml version="1.0"?>
<config>
    <tabs>
	<vivacity_infotech>
		<label>Vivacity InfoTech</label>
		<sort_order>190</sort_order>
	</vivacity_infotech>
	</tabs>	
    <sections>
        <flikebox translate="label" module="flikebox">        
		    <label>Facebook Like Box</label>
		    <tab>vivacity_infotech</tab>
		    <sort_order>340</sort_order>
		    <show_in_default>1</show_in_default>
		    <show_in_website>1</show_in_website>
		    <show_in_store>1</show_in_store>
		    <groups>
				 <flikepreview translate="label" module="flikebox">
		          <label>Find us on Facebook</label>
		          <frontend_type>text</frontend_type>
		          <sort_order>80</sort_order>
		          <show_in_default>1</show_in_default>
		          <show_in_website>1</show_in_website>
		          <show_in_store>1</show_in_store>
		          <comment>
		            <![CDATA[
					<iframe src="//www.facebook.com/plugins/likebox.php?href=https%3A%2F%2Fwww.facebook.com%2Fvivacityinfotech&amp;width&amp;height=590&amp;colorscheme=light&amp;show_faces=true&amp;header=true&amp;stream=false&amp;show_border=true&amp;appId=1406798716268204" scrolling="no" frameborder="0" style="border:none; overflow:hidden; height:590px;" allowTransparency="true"></iframe>
					
					]]>
		          </comment>
				  </flikepreview>
				  
		          <general translate="label" module="flikebox">
			            <label>General Configuration</label>
					    <frontend_type>text</frontend_type>
					    <sort_order>1</sort_order>
					    <show_in_default>1</show_in_default>
					    <show_in_website>1</show_in_website>
					    <show_in_store>1</show_in_store>
					    <fields>
							<active translate="label">
							    <label>Enable Module</label>
							    <frontend_type>select</frontend_type>
							    <source_model>adminhtml/system_config_source_yesno</source_model>
							    <sort_order>1</sort_order>
							    <show_in_default>1</show_in_default>
							    <show_in_website>1</show_in_website>
							    <show_in_store>1</show_in_store>							
							</active>
							<page_id translate="label">
							    <label>Page ID</label>
							    <frontend_type>text</frontend_type>
							    <sort_order>2</sort_order>
							    <show_in_default>1</show_in_default>
							    <show_in_website>1</show_in_website>
							    <show_in_store>1</show_in_store>
							    <validate>required-entry</validate>
							</page_id>
							
							<width translate="label">
							    <label>Width</label>
							    <frontend_type>text</frontend_type>
							    <sort_order>3</sort_order>
							    <show_in_default>1</show_in_default>
							    <show_in_website>1</show_in_website>
							    <show_in_store>1</show_in_store>
							    <validate>required-entry validate-greater-than-zero</validate>
							</width>
							<height translate="label">
							    <label>Height</label>
							    <frontend_type>text</frontend_type>
							    <sort_order>4</sort_order>
							    <show_in_default>1</show_in_default>
							    <show_in_website>1</show_in_website>
							    <show_in_store>1</show_in_store>
							    <validate>required-entry validate-greater-than-zero</validate>
							</height>
							<connection translate="label">
							    <label>Connections</label>
							    <frontend_type>text</frontend_type>
							    <sort_order>5</sort_order>
							    <show_in_default>1</show_in_default>
							    <show_in_website>1</show_in_website>
							    <show_in_store>1</show_in_store>
							    <validate>required-entry validate-greater-than-zero</validate>
							</connection>
							<show_header translate="label">
							    <label>Show header</label>
							    <frontend_type>select</frontend_type>
							    <source_model>adminhtml/system_config_source_yesno</source_model>
							    <sort_order>6</sort_order>
							    <show_in_default>1</show_in_default>
							    <show_in_website>1</show_in_website>
							    <show_in_store>1</show_in_store>
							</show_header>
							<show_face translate="label">
							    <label>Show faces</label>
							    <frontend_type>select</frontend_type>
							    <source_model>adminhtml/system_config_source_yesno</source_model>
							    <sort_order>7</sort_order>
							    <show_in_default>1</show_in_default>
							    <show_in_website>1</show_in_website>
							    <show_in_store>1</show_in_store>
							</show_face>	
							<show_stream translate="label">
							    <label>Show stream</label>
							    <frontend_type>select</frontend_type>
							    <source_model>adminhtml/system_config_source_yesno</source_model>
							    <sort_order>8</sort_order>
							    <show_in_default>1</show_in_default>
							    <show_in_website>1</show_in_website>
							    <show_in_store>1</show_in_store>
							</show_stream>
							<col_layout translate="label">
							    <label>Position</label>
							    <frontend_type>select</frontend_type>
							    <source_model>Vivacity_Flikebox_Model_Layout</source_model>
							    <sort_order>9</sort_order>
							    <show_in_default>1</show_in_default>
							    <show_in_website>1</show_in_website>
							    <show_in_store>1</show_in_store>
						</col_layout>
					</fields>	
		        </general>
	        </groups>	       
        </flikebox>
  </sections>
</config>