<?xml version="1.0"?>
<!--
/**
 * Magento
 *
 * NOTICE OF LICENSE
 *
 * This source file is subject to the Academic Free License (AFL 3.0)
 * that is bundled with this package in the file LICENSE_AFL.txt.
 * It is also available through the world-wide-web at this URL:
 * http://opensource.org/licenses/afl-3.0.php
 * If you did not receive a copy of the license and are unable to
 * obtain it through the world-wide-web, please send an email
 * to license@magentocommerce.com so we can send you a copy immediately.
 *
 * DISCLAIMER
 *
 * Do not edit or add to this file if you wish to upgrade Magento to newer
 * versions in the future. If you wish to customize Magento for your
 * needs please refer to http://www.magentocommerce.com for more information.
 *
 * @category    Mage
 * @package     Mage_Cms
 * @copyright   Copyright (c) 2013 Magento Inc. (http://www.magentocommerce.com)
 * @license     http://opensource.org/licenses/afl-3.0.php  Academic Free License (AFL 3.0)
 */
-->
<config>
    <menu>
         <cms translate="title" module="cms">
            <title>CMS</title>
            <sort_order>70</sort_order>
            <children>
                <page translate="title" module="cms">
                    <title>Pages</title>
                    <action>adminhtml/cms_page</action>
                    <sort_order>0</sort_order>
                </page>
                <block translate="title" module="cms">
                    <title>Static Blocks</title>
                    <action>adminhtml/cms_block</action>
                    <sort_order>10</sort_order>
                </block>
            </children>
         </cms>
    </menu>
    <acl>
        <resources>
            <admin>
                <children>
                    <cms translate="title" module="cms">
                        <title>CMS</title>
                        <sort_order>70</sort_order>
                        <children>
                            <block translate="title">
                                <title>Static Blocks</title>
                                <sort_order>10</sort_order>
                            </block>
                            <page translate="title">
                                <title>Pages</title>
                                <sort_order>0</sort_order>
                                <children>
                                    <save translate="title">
                                        <title>Save Page</title>
                                        <sort_order>0</sort_order>
                                    </save>
                                    <delete translate="title">
                                        <title>Delete Page</title>
                                        <sort_order>10</sort_order>
                                    </delete>
                                </children>
                            </page>
                            <media_gallery translate="title">
                                <title>Media Gallery</title>
                                <sort_order>20</sort_order>
                            </media_gallery>
                        </children>
                    </cms>
                    <system>
                        <children>
                            <config>
                                <children>
                                    <cms translate="title" module="cms">
                                        <title>Content Management</title>
                                    </cms>
                                </children>
                            </config>
                        </children>
                    </system>
                </children>
            </admin>
        </resources>
    </acl>
</config>
