<?xml version="1.0"?>
<!--
/**
 * Magento
 *
 * NOTICE OF LICENSE
 *
 * This source file is subject to the Academic Free License (AFL 3.0)
 * that is bundled with this package in the file LICENSE_AFL.txt.
 * It is also available through the world-wide-web at this URL:
 * http://opensource.org/licenses/afl-3.0.php
 * If you did not receive a copy of the license and are unable to
 * obtain it through the world-wide-web, please send an email
 * to license@magentocommerce.com so we can send you a copy immediately.
 *
 * DISCLAIMER
 *
 * Do not edit or add to this file if you wish to upgrade Magento to newer
 * versions in the future. If you wish to customize Magento for your
 * needs please refer to http://www.magentocommerce.com for more information.
 *
 * @category    Mage
 * @package     Mage_Cms
 * @copyright   Copyright (c) 2013 Magento Inc. (http://www.magentocommerce.com)
 * @license     http://opensource.org/licenses/afl-3.0.php  Academic Free License (AFL 3.0)
 */
-->
<config>
    <sections>
        <web>
            <groups>
                <default>
                    <fields>
                        <cms_home_page translate="label" module="cms">
                            <label>CMS Home Page</label>
                            <frontend_type>select</frontend_type>
                            <source_model>adminhtml/system_config_source_cms_page</source_model>
                            <sort_order>1</sort_order>
                            <show_in_default>1</show_in_default>
                            <show_in_website>1</show_in_website>
                            <show_in_store>1</show_in_store>
                        </cms_home_page>
                        <cms_no_route translate="label"  module="cms">
                            <label>CMS No Route Page</label>
                            <frontend_type>select</frontend_type>
                            <source_model>adminhtml/system_config_source_cms_page</source_model>
                            <sort_order>2</sort_order>
                            <show_in_default>1</show_in_default>
                            <show_in_website>1</show_in_website>
                            <show_in_store>1</show_in_store>
                        </cms_no_route>
                        <cms_no_cookies translate="label"  module="cms">
                            <label>CMS No Cookies Page</label>
                            <frontend_type>select</frontend_type>
                            <source_model>adminhtml/system_config_source_cms_page</source_model>
                            <sort_order>3</sort_order>
                            <show_in_default>1</show_in_default>
                            <show_in_website>1</show_in_website>
                            <show_in_store>1</show_in_store>
                        </cms_no_cookies>
                        <show_cms_breadcrumbs translate="label" module="cms">
                            <label>Show Breadcrumbs for CMS Pages</label>
                            <frontend_type>select</frontend_type>
                            <source_model>adminhtml/system_config_source_yesno</source_model>
                            <sort_order>5</sort_order>
                            <show_in_default>1</show_in_default>
                            <show_in_website>1</show_in_website>
                            <show_in_store>1</show_in_store>
                        </show_cms_breadcrumbs>
                    </fields>
                </default>
            </groups>
        </web>
        <cms translate="label" module="cms">
            <label>Content Management</label>
            <tab>general</tab>
            <frontend_type>text</frontend_type>
            <sort_order>1001</sort_order>
            <show_in_default>1</show_in_default>
            <show_in_website>1</show_in_website>
            <show_in_store>1</show_in_store>
            <groups>
                <wysiwyg translate="label">
                    <label>WYSIWYG Options</label>
                    <frontend_type>text</frontend_type>
                    <sort_order>100</sort_order>
                    <show_in_default>1</show_in_default>
                    <show_in_website>1</show_in_website>
                    <show_in_store>1</show_in_store>
                    <fields>
                        <enabled translate="label">
                            <label>Enable WYSIWYG Editor</label>
                            <frontend_type>select</frontend_type>
                            <source_model>adminhtml/system_config_source_cms_wysiwyg_enabled</source_model>
                            <sort_order>1</sort_order>
                            <show_in_default>1</show_in_default>
                            <show_in_website>1</show_in_website>
                            <show_in_store>1</show_in_store>
                        </enabled>
                    </fields>
                </wysiwyg>
            </groups>
        </cms>
    </sections>
</config>
